City_ID,City,Country,Date,Lat,Lng,Max Temp,Humidity,Cloudiness,Wind Speed
0,Bonavista,CA,2022-06-11 18:49:13,48.6499,-53.1147,57.09,71,100,19.62
1,Bakel,SN,2022-06-11 18:49:14,14.905,-12.4568,103.73,19,13,6.42
2,Cape Town,ZA,2022-06-11 18:49:15,-33.9258,18.4232,69.28,44,0,8.99
3,Tura,IN,2022-06-11 18:49:16,25.5198,90.2201,73.92,98,88,8.37
4,Gawan,IN,2022-06-11 18:49:16,28.4333,78.35,96.22,14,44,5.99
5,Aland,IN,2022-06-11 18:49:17,17.5667,76.5667,80.17,65,80,16.75
6,Odienne,CI,2022-06-11 18:49:17,9.51,-7.5692,80.71,66,100,7.2
7,Sao Felix Do Xingu,BR,2022-06-11 18:49:18,-6.6447,-51.995,87.44,51,95,2.68
8,Punta Arenas,CL,2022-06-11 18:49:18,-53.15,-70.9167,44.71,87,75,9.22
9,Rikitea,PF,2022-06-11 18:49:18,-23.1203,-134.9692,74.35,78,13,10.51
10,Fort Morgan,US,2022-06-11 18:49:19,40.2503,-103.8,93.85,17,0,12.66
11,Vaini,TO,2022-06-11 18:49:19,-21.2,-175.2,73.56,100,40,4.61
12,Leningradskiy,RU,2022-06-11 18:49:20,69.3833,178.4167,34.81,71,87,10.13
13,Port Alfred,ZA,2022-06-11 18:49:20,-33.5906,26.891,68.14,37,7,11.56
14,Sitka,US,2022-06-11 18:49:20,57.0531,-135.33,51.69,82,100,8.05
15,Jamestown,US,2022-06-11 18:46:10,42.097,-79.2353,74.95,39,77,7.0
16,Port Hardy,CA,2022-06-11 18:45:16,50.6996,-127.4199,57.38,77,75,6.91
17,Srednekolymsk,RU,2022-06-11 18:49:21,67.45,153.6833,52.5,58,7,1.52
18,Hobart,AU,2022-06-11 18:48:05,-42.8794,147.3294,40.86,86,75,18.41
19,Banda Aceh,ID,2022-06-11 18:49:21,5.5577,95.3222,79.84,77,100,9.57
20,Hithadhoo,MV,2022-06-11 18:49:22,-0.6,73.0833,83.71,71,84,9.37
21,Sola,VU,2022-06-11 18:49:22,-13.8833,167.55,80.64,75,69,7.7
22,Moose Factory,CA,2022-06-11 18:49:22,51.2585,-80.6094,57.2,77,100,10.36
23,Trinidad,BO,2022-06-11 18:49:23,-14.8333,-64.9,75.18,46,28,13.8
24,Port Hedland,AU,2022-06-11 18:49:23,-20.3167,118.5667,68.05,88,100,5.75
25,Atuona,PF,2022-06-11 18:47:47,-9.8,-139.0333,77.5,67,7,14.23
26,Agara,GE,2022-06-11 18:49:24,42.0376,43.8238,61.11,82,1,3.96
27,Avera,US,2022-06-11 18:49:24,33.194,-82.5271,91.38,34,44,4.9
28,Sedalia,US,2022-06-11 18:45:58,38.7045,-93.2283,86.76,58,75,5.01
29,Pangkalanbuun,ID,2022-06-11 18:49:24,-2.6833,111.6167,73.24,99,100,1.34
30,Sisophon,KH,2022-06-11 18:49:25,13.5859,102.9737,78.22,85,100,4.52
31,Albany,US,2022-06-11 18:45:05,42.6001,-73.9662,76.69,49,100,5.1
32,New Norfolk,AU,2022-06-11 18:49:25,-42.7826,147.0587,40.5,84,100,1.99
33,Egvekinot,RU,2022-06-11 18:49:26,66.3167,-179.1667,34.74,60,90,3.74
34,Kavieng,PG,2022-06-11 18:49:26,-2.5744,150.7967,81.9,72,6,14.0
35,Sabha,LY,2022-06-11 18:49:26,27.0377,14.4283,88.47,20,0,12.03
36,Puerto Ayora,EC,2022-06-11 18:49:27,-0.7393,-90.3518,76.96,88,57,8.01
37,Bengkulu,ID,2022-06-11 18:49:27,-3.8004,102.2655,74.86,91,100,6.82
38,Thompson,CA,2022-06-11 18:49:27,55.7435,-97.8558,66.36,42,40,6.91
39,Guerrero Negro,MX,2022-06-11 18:46:04,27.9769,-114.0611,76.75,53,6,14.92
40,Carnarvon,AU,2022-06-11 18:49:28,-24.8667,113.6333,70.47,68,0,11.68
41,Bambous Virieux,MU,2022-06-11 18:49:28,-20.3428,57.7575,73.65,73,75,10.36
42,Oranjemund,NA,2022-06-11 18:49:28,-28.55,16.4333,65.25,40,5,9.1
43,Lebu,CL,2022-06-11 18:49:29,-37.6167,-73.65,55.31,68,100,4.81
44,Touros,BR,2022-06-11 18:47:07,-5.1989,-35.4608,82.31,70,65,7.81
45,Hobyo,SO,2022-06-11 18:49:29,5.3505,48.5268,79.0,84,18,27.96
46,Atar,MR,2022-06-11 18:50:33,20.5169,-13.0499,109.45,17,19,6.91
47,Kapaa,US,2022-06-11 18:47:46,22.0752,-159.319,78.78,84,75,12.66
48,Khatanga,RU,2022-06-11 18:50:33,71.9667,102.5,46.36,66,62,9.55
49,Xinyu,CN,2022-06-11 18:50:34,27.8043,114.9334,70.48,93,100,1.81
50,Sheridan,US,2022-06-11 18:47:01,44.8333,-106.9173,78.69,51,20,16.11
51,Georgetown,MY,2022-06-11 18:49:24,5.4112,100.3354,76.98,94,40,5.01
52,Bethel,US,2022-06-11 18:50:34,41.3712,-73.414,77.36,57,0,1.01
53,Luau,AO,2022-06-11 18:50:35,-10.7073,22.2247,61.95,47,68,3.47
54,Mocuba,MZ,2022-06-11 18:50:35,-16.8392,36.9856,62.04,97,0,3.85
55,Kefamenanu,ID,2022-06-11 18:50:35,-9.4467,124.4781,69.13,79,100,5.53
56,Broome,US,2022-06-11 18:50:36,42.2506,-75.833,71.85,55,75,6.91
57,Vazante,BR,2022-06-11 18:50:36,-17.9869,-46.9078,79.38,47,100,10.58
58,Bredasdorp,ZA,2022-06-11 18:50:37,-34.5322,20.0403,63.88,37,100,2.64
59,Busselton,AU,2022-06-11 18:47:48,-33.65,115.3333,61.39,88,18,10.31
60,Narsaq,GL,2022-06-11 18:50:37,60.9167,-46.05,51.03,55,100,2.39
61,Longyearbyen,SJ,2022-06-11 18:50:37,78.2186,15.6401,39.04,75,75,10.36
62,Arraial Do Cabo,BR,2022-06-11 18:50:19,-22.9661,-42.0278,67.86,83,100,9.22
63,Katsuura,JP,2022-06-11 18:50:38,35.1333,140.3,64.92,94,100,23.42
64,Dedza,MW,2022-06-11 18:50:38,-14.3779,34.3332,47.93,84,2,3.31
65,Mar Del Plata,AR,2022-06-11 18:50:39,-38.0023,-57.5575,55.42,65,0,11.5
66,Samarai,PG,2022-06-11 18:50:39,-10.6167,150.6667,79.99,80,91,8.34
67,Hambantota,LK,2022-06-11 18:50:40,6.1241,81.1185,79.14,94,75,2.3
68,Izhma,RU,2022-06-11 18:50:40,65.0083,53.9113,45.39,53,100,10.11
69,Hilo,US,2022-06-11 18:50:40,19.7297,-155.09,81.28,72,75,3.0
70,Marquette,US,2022-06-11 18:50:41,46.5333,-87.6335,55.78,94,100,3.42
71,Carman,CA,2022-06-11 18:50:41,49.4992,-98.0016,76.12,50,100,5.75
72,Iqaluit,CA,2022-06-11 18:50:41,63.7506,-68.5145,51.53,50,75,11.5
73,Tezu,IN,2022-06-11 18:50:42,27.9167,96.1667,74.39,98,100,2.91
74,Ushuaia,AR,2022-06-11 18:46:31,-54.8,-68.3,40.66,87,75,5.75
75,Batsfjord,NO,2022-06-11 18:50:42,70.6345,29.7185,58.78,47,20,6.91
76,Cwmbran,GB,2022-06-11 18:50:42,51.6545,-3.0228,62.15,66,100,15.55
77,Butaritari,KI,2022-06-11 18:50:43,3.0707,172.7902,81.52,77,62,11.61
78,Esperance,AU,2022-06-11 18:45:44,-33.8667,121.9,57.65,75,77,16.51
79,Ucluelet,CA,2022-06-11 18:50:43,48.9329,-125.5528,55.09,93,38,4.99
80,Mount Isa,AU,2022-06-11 18:50:44,-20.7333,139.5,51.57,46,57,11.5
81,Yerbogachen,RU,2022-06-11 18:50:44,61.2767,108.0108,44.38,67,19,0.83
82,East London,ZA,2022-06-11 18:50:18,-33.0153,27.9116,68.94,45,0,8.05
83,Bahia Blanca,AR,2022-06-11 18:50:44,-38.7196,-62.2724,59.97,32,4,8.77
84,Ginir,ET,2022-06-11 18:50:45,7.1333,40.7,59.61,76,11,5.84
85,Elk City,US,2022-06-11 18:50:45,35.412,-99.4043,91.62,52,0,9.22
86,Pacific Grove,US,2022-06-11 18:46:48,36.6177,-121.9166,86.34,66,0,5.75
87,La Ronge,CA,2022-06-11 18:50:46,55.1001,-105.2842,57.45,94,75,3.44
88,Weatherford,US,2022-06-11 18:46:47,32.7593,-97.7972,104.95,38,3,1.99
89,Faanui,PF,2022-06-11 18:50:46,-16.4833,-151.75,79.9,77,55,18.37
90,Khorramshahr,IR,2022-06-11 18:50:46,30.4397,48.1664,96.76,17,0,11.5
91,Qaanaaq,GL,2022-06-11 18:51:47,77.484,-69.3632,30.24,72,100,2.37
92,Mataura,NZ,2022-06-11 18:47:46,-46.1927,168.8643,37.47,90,100,5.99
93,Chingirlau,KZ,2022-06-11 18:51:47,51.095,54.0814,64.08,75,52,6.24
94,Hermanus,ZA,2022-06-11 18:51:48,-34.4187,19.2345,59.81,45,100,6.93
95,Ust-Kuyga,RU,2022-06-11 18:51:48,70.0167,135.6,57.76,53,35,6.46
96,Van,TR,2022-06-11 18:51:48,38.4924,43.3831,63.27,59,1,5.55
97,Souillac,MU,2022-06-11 18:51:49,-20.5167,57.5167,73.78,73,75,10.36
98,Upernavik,GL,2022-06-11 18:51:49,72.7868,-56.1549,30.45,79,25,14.09
99,Avarua,CK,2022-06-11 18:51:49,-21.2078,-159.775,77.05,61,75,5.75
100,Navalmoral De La Mata,ES,2022-06-11 18:51:50,39.8916,-5.5406,90.95,24,8,6.85
101,Hellebaek,DK,2022-06-11 18:51:50,56.0682,12.5578,64.9,64,0,5.99
102,Black River,JM,2022-06-11 18:51:50,18.0264,-77.8487,88.56,57,100,16.4
103,Caska,MK,2022-06-11 18:51:51,41.6506,21.6622,68.52,80,71,7.4
104,Chuy,UY,2022-06-11 18:51:10,-33.6971,-53.4616,52.23,62,49,16.44
105,General Teran,MX,2022-06-11 18:51:51,25.2667,-99.6833,104.09,21,0,12.8
106,Rabat,MA,2022-06-11 18:50:31,33.9911,-6.8401,77.07,73,40,5.75
107,Baykit,RU,2022-06-11 18:51:52,61.67,96.37,53.76,60,90,4.94
108,Muswellbrook,AU,2022-06-11 18:51:52,-32.2667,150.9,46.33,73,0,13.89
109,Nanakuli,US,2022-06-11 18:51:52,21.3906,-158.1547,81.45,62,0,5.75
110,Tricase,IT,2022-06-11 18:51:53,39.9304,18.3553,76.35,50,0,12.66
111,Birjand,IR,2022-06-11 18:51:53,32.8663,59.2211,77.47,25,0,16.11
112,Victoria,HK,2022-06-11 18:50:58,22.2855,114.1577,80.94,88,97,1.99
113,Yumen,CN,2022-06-11 18:51:54,40.2833,97.2,63.19,11,0,5.46
114,Kalabo,ZM,2022-06-11 18:51:55,-14.97,22.6814,59.5,49,3,5.44
115,Ribeira Grande,PT,2022-06-11 18:51:55,38.5167,-28.7,66.6,68,20,14.97
116,Cherskiy,RU,2022-06-11 18:51:56,68.75,161.3,61.12,38,100,5.21
117,Paracuru,BR,2022-06-11 18:51:56,-3.41,-39.0306,83.1,72,18,9.13
118,Tromso,NO,2022-06-11 18:51:56,69.6496,18.957,48.38,93,75,3.44
119,Lorengau,PG,2022-06-11 18:51:57,-2.0226,147.2712,80.69,75,13,6.24
120,Congleton,GB,2022-06-11 18:51:57,53.1631,-2.2125,62.33,70,11,15.73
121,Anadyr,RU,2022-06-11 18:51:57,64.75,177.4833,43.3,65,0,15.66
122,Vila Velha,BR,2022-06-11 18:51:58,-20.3297,-40.2925,76.95,80,100,14.0
123,Kiama,AU,2022-06-11 18:51:58,-34.6833,150.8667,53.46,62,0,14.0
124,Storforshei,NO,2022-06-11 18:51:58,66.4043,14.5233,53.38,81,100,6.91
125,Richards Bay,ZA,2022-06-11 18:51:59,-28.783,32.0377,66.78,81,0,13.47
126,Kassala,SD,2022-06-11 18:51:59,15.451,36.4,89.94,36,88,12.15
127,Mancio Lima,BR,2022-06-11 18:51:59,-7.6142,-72.8958,75.27,69,75,9.22
128,Lagoa,PT,2022-06-11 18:52:00,39.05,-27.9833,60.46,82,100,9.35
129,Luganville,VU,2022-06-11 18:48:24,-15.5333,167.1667,76.59,87,36,2.73
130,Trairi,BR,2022-06-11 18:49:15,-3.2778,-39.2689,81.77,75,40,8.32
131,Fukue,JP,2022-06-11 18:52:00,32.6881,128.8419,69.26,89,37,23.31
132,Mandalgovi,MN,2022-06-11 18:52:01,45.7625,106.2708,50.31,76,100,20.78
133,Along,IN,2022-06-11 18:52:01,28.1667,94.7667,73.63,99,99,1.05
134,Padang,ID,2022-06-11 18:52:01,-0.9492,100.3543,71.65,97,100,2.08
135,Luderitz,NA,2022-06-11 18:52:02,-26.6481,15.1594,64.98,48,3,7.18
136,Geraldton,AU,2022-06-11 18:52:02,-28.7667,114.6,64.81,94,75,4.61
137,Sudbury,CA,2022-06-11 18:49:49,46.49,-80.99,73.06,42,100,7.0
138,Agadez,NE,2022-06-11 18:53:03,19.75,10.25,95.88,16,88,5.35
139,Aripuana,BR,2022-06-11 18:53:03,-9.1667,-60.6333,79.79,57,95,4.16
140,Barrow,US,2022-06-11 18:53:03,71.2906,-156.7887,32.02,80,75,13.8
141,Grindavik,IS,2022-06-11 18:53:04,63.8424,-22.4338,53.55,81,75,18.41
142,Bac Lieu,VN,2022-06-11 18:53:04,9.285,105.7244,80.73,85,29,7.7
143,Ilulissat,GL,2022-06-11 18:53:04,69.2167,-51.1,36.48,78,32,6.42
144,Ouango,CF,2022-06-11 18:53:05,4.3133,22.5552,73.9,80,9,3.56
145,Moree,AU,2022-06-11 18:53:05,-29.4667,149.85,40.93,84,44,8.34
146,Hasaki,JP,2022-06-11 18:53:05,35.7333,140.8333,66.6,92,100,18.66
147,Saldanha,ZA,2022-06-11 18:53:06,-33.0117,17.9442,60.85,76,100,10.49
148,Plaster Rock,CA,2022-06-11 18:53:06,46.9065,-67.39,73.92,72,100,5.95
149,Port Lincoln,AU,2022-06-11 18:51:38,-34.7333,135.8667,52.52,74,21,6.58
150,Churapcha,RU,2022-06-11 18:53:06,62.0025,132.4325,52.61,73,100,4.14
151,Yulara,AU,2022-06-11 18:53:01,-25.2406,130.9889,44.67,60,6,6.76
152,Harper,LR,2022-06-11 18:53:07,4.375,-7.7169,75.54,92,100,6.87
153,Imbituba,BR,2022-06-11 18:53:07,-28.24,-48.6703,60.1,65,0,3.0
154,Bubaque,GW,2022-06-11 18:53:08,11.2833,-15.8333,80.82,78,100,11.79
155,Ternate,ID,2022-06-11 18:53:08,0.8,127.4,79.57,82,88,5.66
156,Yangambi,CD,2022-06-11 18:53:08,0.8102,24.4336,75.25,78,67,1.23
157,Killybegs,IE,2022-06-11 18:53:09,54.6333,-8.45,55.11,86,41,20.83
158,Dikson,RU,2022-06-11 18:53:09,73.5069,80.5464,42.15,74,100,16.35
159,Sao Filipe,CV,2022-06-11 18:53:09,14.8961,-24.4956,73.49,85,18,5.86
160,Ahuimanu,US,2022-06-11 18:53:10,21.4447,-157.8378,81.19,69,75,11.5
161,Hervey Bay,AU,2022-06-11 18:53:10,-25.2986,152.8535,51.82,73,90,12.8
162,Weihe,CN,2022-06-11 18:53:10,32.9952,105.3247,59.85,95,100,3.98
163,Haines Junction,CA,2022-06-11 18:53:11,60.7522,-137.5108,57.15,44,100,2.3
164,Nanortalik,GL,2022-06-11 18:52:13,60.1432,-45.2371,46.33,68,100,14.72
165,Castro,BR,2022-06-11 18:53:11,-24.7911,-50.0119,51.03,67,100,5.14
166,Camacha,PT,2022-06-11 18:53:12,33.0833,-16.3333,65.62,77,40,13.8
167,Lodja,CD,2022-06-11 18:53:12,-3.4833,23.4333,79.81,47,84,2.15
168,Aklavik,CA,2022-06-11 18:53:13,68.2191,-135.0107,37.4,87,100,11.5
169,Hofn,IS,2022-06-11 18:53:13,64.2539,-15.2082,51.04,77,100,4.97
170,Visby,SE,2022-06-11 18:53:13,57.6409,18.296,65.05,68,0,10.36
171,Chokurdakh,RU,2022-06-11 18:53:14,70.6333,147.9167,51.55,45,26,11.56
172,Dingle,PH,2022-06-11 18:53:14,10.9995,122.6711,76.6,90,76,2.71
173,Alofi,NU,2022-06-11 18:53:14,-19.0595,-169.9187,73.29,100,80,9.22
174,Kattivakkam,IN,2022-06-11 18:53:15,13.2167,80.3167,87.89,89,100,12.19
175,Doha,QA,2022-06-11 18:51:45,25.2867,51.5333,98.58,20,0,17.27
176,Catuday,PH,2022-06-11 18:53:15,16.2923,119.8062,80.06,80,99,2.24
177,Flinders,AU,2022-06-11 18:49:46,-34.5833,150.8552,53.26,63,0,8.01
178,Puerto Leguizamo,CO,2022-06-11 18:53:16,-0.1934,-74.7819,70.63,99,100,3.71
179,Pamekasan,ID,2022-06-11 18:53:16,-7.1568,113.4746,78.75,86,100,3.94
180,Todos Santos,MX,2022-06-11 18:53:17,23.45,-110.2167,99.05,62,8,7.56
181,Dali,CN,2022-06-11 18:53:17,25.7,100.1833,61.7,93,100,4.54
182,Tuktoyaktuk,CA,2022-06-11 18:54:17,69.4541,-133.0374,42.8,75,75,10.36
183,Teahupoo,PF,2022-06-11 18:54:18,-17.8333,-149.2667,71.56,81,78,21.7
184,Ust-Omchug,RU,2022-06-11 18:54:18,61.15,149.6333,37.9,84,89,2.77
185,Codrington,AU,2022-06-11 18:54:18,-38.2667,141.9667,52.25,75,100,18.57
186,Gizo,SB,2022-06-11 18:54:19,-8.103,156.8419,80.89,75,1,5.01
187,Hazorasp,UZ,2022-06-11 18:54:19,41.3194,61.0742,71.44,29,44,15.3
188,Laguna,US,2022-06-11 18:51:04,38.421,-121.4238,96.31,31,0,9.22
189,Garanhuns,BR,2022-06-11 18:54:20,-8.8903,-36.4928,70.21,90,88,5.28
190,Coihaique,CL,2022-06-11 18:54:20,-45.5752,-72.0662,38.01,80,0,3.44
191,Tasiilaq,GL,2022-06-11 18:47:48,65.6145,-37.6368,42.96,72,7,1.05
192,Pochutla,MX,2022-06-11 18:54:21,15.7432,-96.4661,87.82,71,95,7.25
193,Ambositra,MG,2022-06-11 18:54:21,-20.5167,47.25,54.45,87,100,5.39
194,Santiago Del Estero,AR,2022-06-11 18:54:21,-27.7951,-64.2615,67.55,26,2,8.23
195,Port Said,EG,2022-06-11 18:53:56,31.2565,32.2841,84.18,74,0,10.36
196,Kangalassy,RU,2022-06-11 18:54:22,62.3464,129.9628,53.53,87,98,3.04
197,Andenes,NO,2022-06-11 18:54:23,69.3143,16.1194,46.38,93,75,10.36
198,Te Anau,NZ,2022-06-11 18:54:23,-45.4167,167.7167,39.06,97,100,5.93
199,Taoudenni,ML,2022-06-11 18:54:23,22.6783,-3.9836,107.67,6,59,7.23
200,Baruun-Urt,MN,2022-06-11 18:54:24,46.6806,113.2792,52.47,63,94,6.24
201,Takoradi,GH,2022-06-11 18:54:24,4.8845,-1.7554,78.06,78,100,9.73
202,Changji,CN,2022-06-11 18:54:25,44.0167,87.3167,83.19,21,0,2.24
203,Bluff,NZ,2022-06-11 18:52:10,-46.6,168.3333,38.8,74,100,17.72
204,Fort Smith,US,2022-06-11 18:54:25,35.3859,-94.3986,90.37,67,97,8.99
205,Fortuna,US,2022-06-11 18:54:25,40.5982,-124.1573,69.35,84,94,4.52
206,Jacqueville,CI,2022-06-11 18:54:26,5.2052,-4.4146,79.59,79,100,14.63
207,Nikolskoye,RU,2022-06-11 18:54:26,59.7035,30.7861,66.09,76,37,3.69
208,Cockburn Town,TC,2022-06-11 18:54:26,21.4612,-71.1419,85.96,62,40,14.97
209,Nome,US,2022-06-11 18:51:10,64.5011,-165.4064,46.17,49,0,8.05
210,Erzin,TR,2022-06-11 18:54:27,36.9559,36.2,73.17,71,0,0.47
211,Marau,BR,2022-06-11 18:49:50,-28.4492,-52.2,48.15,65,0,7.87
212,Nuuk,GL,2022-06-11 18:50:23,64.1835,-51.7216,50.88,62,85,8.99
213,San Blas,MX,2022-06-11 18:54:27,21.5167,-105.2667,88.81,57,5,11.23
214,Calabozo,VE,2022-06-11 18:54:32,8.9242,-67.4293,88.03,55,100,7.14
215,Vrangel,RU,2022-06-11 18:54:32,42.7297,133.0839,53.11,94,38,2.28
216,Khakhea,BW,2022-06-11 18:54:32,-24.6895,23.494,55.56,33,0,7.61
217,Rawson,AR,2022-06-11 18:54:33,-43.3002,-65.1023,58.32,43,100,10.4
218,Vila Franca Do Campo,PT,2022-06-11 18:54:06,37.7167,-25.4333,68.2,93,100,7.65
219,Klyuchi,RU,2022-06-11 18:54:33,52.2667,79.1667,66.02,53,33,9.13
220,Cabo San Lucas,MX,2022-06-11 18:51:57,22.8909,-109.9124,86.61,68,7,11.77
221,Dabola,GN,2022-06-11 18:54:34,10.75,-11.1167,81.03,69,100,2.57
222,Yellowknife,CA,2022-06-11 18:54:34,62.456,-114.3525,66.72,59,40,18.41
223,San Patricio,US,2022-06-11 18:54:34,28.017,-97.5169,98.08,29,2,15.61
224,Ilebo,CD,2022-06-11 18:54:35,-4.3167,20.5833,76.03,48,0,0.85
225,Griffith,US,2022-06-11 18:54:35,41.5284,-87.4237,75.22,67,75,10.36
226,Lasa,IT,2022-06-11 18:55:35,46.6166,10.7002,63.25,67,1,5.99
227,Camana,PE,2022-06-11 18:55:36,-16.6228,-72.7111,66.27,71,1,9.26
228,Saskylakh,RU,2022-06-11 18:52:12,71.9167,114.0833,50.59,59,5,9.44
229,Rennes,FR,2022-06-11 18:53:39,48.1667,-1.6667,68.04,56,0,10.36
230,Nishihara,JP,2022-06-11 18:55:36,26.1842,127.7558,76.28,92,100,8.05
231,Carbondale,US,2022-06-11 18:55:36,37.7273,-89.2168,85.05,64,75,12.66
232,Ponta Do Sol,PT,2022-06-11 18:55:37,32.6667,-17.1,75.7,79,0,1.16
233,El Alto,PE,2022-06-11 18:55:37,-4.2714,-81.2147,69.46,66,28,21.39
234,Vedeno,RU,2022-06-11 18:55:37,42.9703,46.095,60.51,61,35,5.73
235,Williston,US,2022-06-11 18:55:38,48.147,-103.618,81.03,36,100,1.99
236,Yachihuacaltepec,MX,2022-06-11 18:55:38,19.3242,-99.6794,73.13,32,6,5.5
237,Saint-Denis,FR,2022-06-11 18:55:38,48.9167,2.3333,77.56,48,0,6.91
238,Airai,TL,2022-06-11 18:55:39,-8.9266,125.4092,56.23,87,99,3.74
239,Lyubech,UA,2022-06-11 18:55:39,51.7026,30.6569,73.06,68,10,3.94
240,Sobolevo,RU,2022-06-11 18:55:40,54.4299,31.8996,62.24,93,16,5.35
241,Biak,ID,2022-06-11 18:55:40,-0.9131,122.8766,76.3,84,100,0.27
242,Fare,PF,2022-06-11 18:55:40,-16.7,-151.0167,79.74,76,41,18.23
243,Ughelli,NG,2022-06-11 18:55:41,5.4899,6.0074,73.24,97,60,2.8
244,Diamantino,BR,2022-06-11 18:55:41,-14.4086,-56.4461,69.8,70,100,9.19
245,Saint-Philippe,RE,2022-06-11 18:47:45,-21.3585,55.7679,67.59,79,49,12.53
246,Vilaka,LV,2022-06-11 18:55:41,57.1846,27.6722,61.97,84,78,4.12
247,Dniprovka,UA,2022-06-11 18:55:42,47.4295,34.618,73.02,62,5,7.92
248,Ostrovnoy,RU,2022-06-11 18:55:42,68.0531,39.5131,55.96,60,17,9.06
249,Neryungri,RU,2022-06-11 18:55:42,56.6709,124.6491,51.13,84,58,3.89
250,Ambulu,ID,2022-06-11 18:55:43,-8.345,113.6058,75.11,90,44,3.2
251,Misratah,LY,2022-06-11 18:55:43,32.3754,15.0925,73.31,75,0,15.43
252,Urla,TR,2022-06-11 18:55:43,38.3229,26.764,68.4,78,41,2.46
253,Waddan,LY,2022-06-11 18:55:44,29.1614,16.139,83.16,27,0,9.24
254,Waipawa,NZ,2022-06-11 18:55:44,-41.4122,175.5153,51.35,73,100,19.55
255,Kyzyl-Suu,KG,2022-06-11 18:55:44,42.3414,78.0056,57.31,67,100,5.73
256,Hualmay,PE,2022-06-11 18:55:45,-11.0964,-77.6139,68.52,70,15,12.17
257,Bani Walid,LY,2022-06-11 18:55:45,31.7566,13.9942,72.82,55,0,13.76
258,Okhotsk,RU,2022-06-11 18:55:45,59.3833,143.3,41.29,93,100,1.28
259,Kruisfontein,ZA,2022-06-11 18:55:46,-34.0033,24.7314,64.99,25,86,10.16
260,Iracoubo,GF,2022-06-11 18:55:46,5.4802,-53.2011,81.59,75,10,9.93
261,Severo-Kurilsk,RU,2022-06-11 18:55:47,50.6789,156.125,43.45,87,81,11.23
262,Ibra,OM,2022-06-11 18:55:47,22.6906,58.5334,85.46,61,0,11.43
263,Teacapan,MX,2022-06-11 18:55:47,22.55,-105.75,86.4,60,0,12.1
264,Hirado,JP,2022-06-11 18:55:51,33.3597,129.5531,68.4,88,82,21.32
265,Dunedin,NZ,2022-06-11 18:54:51,-45.8742,170.5036,45.81,42,100,11.99
266,Sorland,NO,2022-06-11 18:55:52,67.667,12.6934,49.86,91,87,6.78
267,Paamiut,GL,2022-06-11 18:55:54,61.994,-49.6678,41.27,78,100,2.64
268,Pittsfield,US,2022-06-11 18:55:54,42.4501,-73.2454,74.5,46,100,1.99
269,Grand Gaube,MU,2022-06-11 18:55:08,-20.0064,57.6608,73.8,78,99,5.99
270,Lozova,UA,2022-06-11 18:56:54,48.8894,36.3176,71.44,54,76,6.46
271,Evensk,RU,2022-06-11 18:56:55,61.95,159.2333,41.36,95,100,8.28
272,Shimoda,JP,2022-06-11 18:56:55,34.6667,138.95,63.1,90,100,23.11
273,Torbay,CA,2022-06-11 18:56:55,47.6666,-52.7314,72.37,53,75,20.71
274,Hay River,CA,2022-06-11 18:56:56,60.8156,-115.7999,62.56,72,75,8.05
275,Kirakira,SB,2022-06-11 18:56:56,-10.4544,161.9205,78.4,84,9,5.61
276,Aanekoski,FI,2022-06-11 18:56:56,62.6946,25.818,68.07,89,5,4.7
277,Dalvik,IS,2022-06-11 18:56:57,65.9702,-18.5286,46.33,97,100,3.89
278,Severodvinsk,RU,2022-06-11 18:56:57,64.5635,39.8302,53.71,70,13,7.63
279,Tabat,ID,2022-06-11 18:56:57,-2.635,115.2274,73.26,98,98,0.74
280,Provideniya,RU,2022-06-11 18:56:58,64.3833,-173.3,37.02,71,89,1.5
281,San Quintin,MX,2022-06-11 18:52:30,30.4833,-115.95,73.78,64,7,12.8
282,Alta Floresta,BR,2022-06-11 18:56:58,-9.8756,-56.0861,82.22,61,40,6.91
283,Las Vegas,US,2022-06-11 18:52:14,36.175,-115.1372,108.1,9,0,23.02
284,Olafsvik,IS,2022-06-11 18:56:59,64.8945,-23.7142,46.72,81,100,6.98
285,Carahue,CL,2022-06-11 18:57:00,-38.7,-73.1667,56.75,58,100,1.23
286,Kailua,US,2022-06-11 18:57:00,21.4022,-157.7394,80.65,69,75,11.5
287,Meulaboh,ID,2022-06-11 18:57:00,4.1363,96.1285,76.57,87,100,2.59
288,Aykhal,RU,2022-06-11 18:57:01,66.0,111.5,44.11,81,100,8.05
289,Marystown,CA,2022-06-11 18:57:01,47.1666,-55.1483,59.31,70,49,15.48
290,Neya,RU,2022-06-11 18:57:01,58.2972,43.8681,49.59,71,0,5.68
291,Verkhoyansk,RU,2022-06-11 18:57:02,67.5447,133.385,57.78,46,77,0.92
292,Sao Joao Da Barra,BR,2022-06-11 18:57:02,-21.6403,-41.0511,71.69,86,100,10.31
293,Ferkessedougou,CI,2022-06-11 18:57:02,9.6,-5.2,74.66,90,100,8.14
294,Auki,SB,2022-06-11 18:57:03,-8.7676,160.7034,76.15,87,9,4.18
295,Sarichioi,RO,2022-06-11 18:57:03,44.95,28.85,68.22,83,100,4.61
296,Lakatoro,VU,2022-06-11 18:57:03,-16.0999,167.4164,78.37,83,47,4.21
297,Linguere,SN,2022-06-11 18:54:17,15.3953,-15.1193,102.42,35,0,4.61
298,Omboue,GA,2022-06-11 18:57:04,-1.5746,9.2618,76.06,89,3,5.46
299,Englewood,US,2022-06-11 18:55:00,39.6478,-104.9878,99.34,16,6,3.0
300,Janauba,BR,2022-06-11 18:57:05,-15.8025,-43.3089,89.58,17,0,4.65
301,Tuatapere,NZ,2022-06-11 18:57:06,-46.1333,167.6833,35.17,94,100,4.38
302,Darnah,LY,2022-06-11 18:57:06,32.767,22.6367,73.02,78,0,25.95
303,Concordia,AR,2022-06-11 18:57:06,-31.393,-58.0209,57.78,35,0,5.99
304,Altagracia De Orituco,VE,2022-06-11 18:57:07,9.8601,-66.3814,86.54,55,90,5.88
305,Nyurba,RU,2022-06-11 18:57:07,63.2842,118.3319,47.41,91,100,4.65
306,Eureka,US,2022-06-11 18:57:07,40.8021,-124.1637,77.74,92,100,5.01
307,Korla,CN,2022-06-11 18:57:08,41.7597,86.1469,81.27,22,97,12.3
308,Kodiak,US,2022-06-11 18:54:39,57.79,-152.4072,51.48,82,33,5.01
309,Saint-Augustin,CA,2022-06-11 18:57:08,51.226,-58.6502,62.42,68,97,17.38
310,Namibe,AO,2022-06-11 18:54:18,-15.1961,12.1522,71.51,60,0,7.56
311,Lavrentiya,RU,2022-06-11 18:57:09,65.5833,-171.0,36.23,63,100,18.92
312,Kolondieba,ML,2022-06-11 18:57:09,11.0882,-6.8926,90.61,32,31,5.59
313,Vostok,RU,2022-06-11 18:57:10,46.4856,135.8833,42.78,94,0,3.27
314,Bursa,TR,2022-06-11 18:55:08,40.1667,29.0833,62.64,91,100,0.51
315,Naze,JP,2022-06-11 18:57:10,28.3667,129.4833,72.52,88,100,9.17
316,Norman Wells,CA,2022-06-11 18:57:11,65.282,-126.8329,53.64,76,75,11.5
317,Tigil,RU,2022-06-11 18:57:11,57.8,158.6667,43.59,76,100,13.82
318,Cabinda,AO,2022-06-11 18:57:11,-5.55,12.2,78.94,83,20,5.75
319,Moraga,US,2022-06-11 18:57:12,37.8349,-122.1297,96.76,43,7,5.01
320,Pimampiro,EC,2022-06-11 18:58:12,0.4,-77.9667,61.21,76,100,4.99
321,Tautira,PF,2022-06-11 18:58:12,-17.7333,-149.15,78.22,81,51,21.59
322,Turtas,RU,2022-06-11 18:58:13,58.9417,69.1325,54.73,97,100,3.53
323,Sesheke,ZM,2022-06-11 18:58:13,-17.4759,24.2968,57.74,45,2,6.22
324,Khani,GE,2022-06-11 18:58:14,41.9563,42.9566,63.97,69,0,6.08
325,Patterson,US,2022-06-11 18:58:14,37.4716,-121.1297,95.02,11,4,10.45
326,Hanko,FI,2022-06-11 18:58:14,59.8333,22.95,60.06,87,0,11.83
327,Puerto Montt,CL,2022-06-11 18:58:15,-41.4698,-72.9447,50.83,71,0,10.36
328,Hamilton,US,2022-06-11 18:58:15,39.1834,-84.5333,78.62,66,100,3.0
329,Cutervo,PE,2022-06-11 18:58:15,-6.379,-78.8157,57.72,77,72,5.91
330,Lompoc,US,2022-06-11 18:58:16,34.6391,-120.4579,92.79,63,75,10.36
331,Port Elizabeth,ZA,2022-06-11 18:56:42,-33.918,25.5701,62.89,59,100,3.44
332,Oranjestad,AW,2022-06-11 18:58:16,12.524,-70.027,87.75,66,40,20.71
333,Puerto Colombia,CO,2022-06-11 18:58:17,10.9878,-74.9547,87.89,72,100,6.98
334,Thonon-Les-Bains,FR,2022-06-11 18:58:17,46.25,6.5,70.7,66,0,4.0
335,Rundu,NA,2022-06-11 18:58:17,-17.9333,19.7667,58.59,47,0,6.49
336,Krasnovishersk,RU,2022-06-11 18:58:18,60.4078,57.082,47.93,88,100,8.12
337,Zholymbet,KZ,2022-06-11 18:58:18,51.7433,71.7122,60.39,61,0,9.13
338,Chicama,PE,2022-06-11 18:58:18,-7.8447,-79.1469,61.34,60,19,10.98
339,Kaitangata,NZ,2022-06-11 18:56:21,-46.2817,169.8464,39.0,73,100,10.31
340,Valer,NO,2022-06-11 18:58:19,60.6785,11.8331,58.37,72,9,10.67
341,Pechenga,RU,2022-06-11 18:58:19,69.5259,31.1703,63.23,46,100,13.13
342,Sugod,PH,2022-06-11 18:58:20,12.987,124.0805,78.46,84,11,4.12
343,Tema,GH,2022-06-11 18:58:20,5.667,-0.0166,81.01,78,75,11.5
344,Cayenne,GF,2022-06-11 18:58:20,4.9333,-52.3333,86.04,19,0,11.5
345,Sao Jose Da Coroa Grande,BR,2022-06-11 18:55:16,-8.8978,-35.1478,79.41,80,11,4.94
346,Foki,RU,2022-06-11 18:58:21,56.693,54.3499,50.04,68,100,10.65
347,Beidao,CN,2022-06-11 18:58:21,34.5686,105.8933,60.35,88,100,0.09
348,Merrill,US,2022-06-11 18:58:21,45.1805,-89.6835,64.04,97,100,5.75
349,Macduff,GB,2022-06-11 18:58:22,57.6701,-2.4969,60.57,64,60,21.36
350,Adrar,MR,2022-06-11 18:58:22,20.5022,-10.0711,101.62,8,88,2.66
351,Susurluk,TR,2022-06-11 18:58:22,39.9136,28.1578,66.2,92,100,3.27
352,Ishigaki,JP,2022-06-11 18:58:23,24.3448,124.1572,80.73,100,75,2.3
353,Seydi,TM,2022-06-11 18:58:23,39.4816,62.9137,81.52,28,2,9.93
354,Mount Gambier,AU,2022-06-11 18:58:23,-37.8333,140.7667,50.76,78,100,10.11
355,Gazojak,TM,2022-06-11 18:58:24,41.1875,61.4036,80.01,29,36,12.48
356,Port Augusta,AU,2022-06-11 18:58:24,-32.5,137.7667,48.33,89,11,4.72
357,Varkaus,FI,2022-06-11 18:58:24,62.3153,27.873,66.31,83,96,6.71
358,Saint Anthony,US,2022-06-11 18:58:25,45.0205,-93.218,79.21,55,99,2.95
359,Palafrugell,ES,2022-06-11 18:58:25,41.9174,3.1631,80.35,53,2,8.03
360,Kahului,US,2022-06-11 18:57:10,20.8947,-156.47,80.83,80,6,15.99
361,Saint-Francois,FR,2022-06-11 18:58:26,46.4154,3.9054,80.04,47,0,3.44
362,Thinadhoo,MV,2022-06-11 18:58:26,0.5333,72.9333,84.15,71,100,9.8
363,San-Pedro,CI,2022-06-11 18:58:26,4.7485,-6.6363,76.73,89,100,8.05
364,Stokmarknes,NO,2022-06-11 18:58:27,68.5646,14.9108,48.18,87,100,2.3
365,Celestun,MX,2022-06-11 18:58:27,20.8667,-90.4,87.69,58,0,9.22
366,Mao,ES,2022-06-11 18:59:27,39.8885,4.2658,75.76,53,0,5.75
367,Ugoofaaru,MV,2022-06-11 18:59:28,5.6667,73.0,83.14,75,100,11.36
368,Salalah,OM,2022-06-11 18:55:34,17.0151,54.0924,85.15,83,91,7.67
369,Arak,IR,2022-06-11 18:54:45,34.0917,49.6892,70.56,24,0,4.18
370,Havoysund,NO,2022-06-11 18:59:29,70.9963,24.6622,48.43,81,100,12.75
371,Pevek,RU,2022-06-11 18:59:29,69.7008,170.3133,39.72,58,53,7.85
372,Kavaratti,IN,2022-06-11 18:55:17,10.5669,72.642,83.37,78,99,17.4
373,Nchelenge,ZM,2022-06-11 18:59:29,-9.3451,28.734,69.67,62,37,3.06
374,Polunochnoye,RU,2022-06-11 18:59:30,60.8697,60.4153,53.28,92,99,2.89
375,Torrington,US,2022-06-11 18:59:30,41.8007,-73.1212,78.17,55,100,1.01
376,Ambilobe,MG,2022-06-11 18:59:30,-13.2,49.05,69.6,81,45,4.7
377,Monrovia,LR,2022-06-11 18:58:02,6.3005,-10.7969,78.1,85,100,8.7
378,Vanderhoof,CA,2022-06-11 18:57:59,54.0166,-124.0198,61.77,49,92,7.05
379,Mahebourg,MU,2022-06-11 18:56:46,-20.4081,57.7,73.69,73,75,10.36
380,Bandarbeyla,SO,2022-06-11 18:59:31,9.4942,50.8122,79.59,78,100,29.82
381,Tabou,CI,2022-06-11 18:59:31,4.423,-7.3528,75.79,90,100,6.6
382,Merauke,ID,2022-06-11 18:59:32,-8.4667,140.3333,76.3,92,99,12.57
383,Luan,CH,2022-06-11 18:59:32,46.3592,6.9759,70.43,74,0,1.39
384,Fergus Falls,US,2022-06-11 18:55:35,46.283,-96.0776,77.18,63,40,6.91
385,Okahandja,NA,2022-06-11 18:59:33,-21.9833,16.9167,59.49,34,0,11.16
386,Ixtapa,MX,2022-06-11 18:59:33,20.7,-105.2,93.29,50,20,7.72
387,Duzce,TR,2022-06-11 18:59:33,40.8389,31.1639,64.4,93,91,4.18
388,Muros,ES,2022-06-11 18:54:42,42.7762,-9.0603,75.69,74,9,16.6
389,Maralal,KE,2022-06-11 18:59:34,1.0968,36.698,63.61,62,86,11.99
390,Vanavara,RU,2022-06-11 18:59:34,60.34,102.2797,46.81,72,59,4.76
391,Clovis,US,2022-06-11 18:59:34,36.8252,-119.7029,97.84,32,3,1.99
392,Kungurtug,RU,2022-06-11 18:59:35,50.5994,97.5228,48.52,51,0,1.7
393,Praia Da Vitoria,PT,2022-06-11 18:59:35,38.7333,-27.0667,62.76,94,75,6.11
394,Biloela,AU,2022-06-11 18:59:35,-24.4167,150.5,44.08,79,100,5.77
395,Dublin,US,2022-06-11 18:56:38,37.7021,-121.9358,97.25,38,0,7.0
396,Bela Cruz,BR,2022-06-11 18:59:36,-3.0506,-40.1678,81.84,78,12,8.68
397,Nabire,ID,2022-06-11 18:59:36,-3.3667,135.4833,75.02,91,23,3.0
398,Bathsheba,BB,2022-06-11 18:59:37,13.2167,-59.5167,86.61,66,20,24.16
399,Emerald,AU,2022-06-11 18:59:37,-23.5333,148.1667,48.34,73,100,8.7
400,Tiksi,RU,2022-06-11 18:55:20,71.6872,128.8694,37.87,76,94,7.18
401,Kathu,TH,2022-06-11 18:59:38,7.9178,98.3332,83.75,83,100,8.72
402,Clyde River,CA,2022-06-11 18:59:38,70.4692,-68.5914,34.03,86,100,14.97
403,Bilibino,RU,2022-06-11 18:56:03,68.0546,166.4372,56.89,33,22,6.64
404,Da Nang,VN,2022-06-11 18:56:54,16.0678,108.2208,78.78,89,20,3.44
405,Klaksvik,FO,2022-06-11 18:59:39,62.2266,-6.589,52.72,94,64,10.71
406,North Myrtle Beach,US,2022-06-11 18:57:02,33.816,-78.68,86.29,78,100,3.0
407,Coos Bay,US,2022-06-11 18:55:18,43.3665,-124.2179,65.32,100,100,5.75
408,Garoua,CM,2022-06-11 18:59:39,9.3,13.4,88.21,44,8,3.78
409,Vestmannaeyjar,IS,2022-06-11 18:59:40,63.4427,-20.2734,51.37,80,100,23.0
410,Sayat,TM,2022-06-11 18:59:40,38.7839,63.8803,75.07,31,27,10.58
411,Maihar,IN,2022-06-11 18:59:40,24.2667,80.75,94.28,28,50,8.86
412,Kaseda,JP,2022-06-11 18:59:41,31.4167,130.3167,68.02,87,84,5.41
413,Beohari,IN,2022-06-11 19:00:41,24.05,81.3833,93.29,30,57,9.48
414,Polovinnoye,RU,2022-06-11 19:00:42,54.7914,65.9864,54.99,96,99,8.68
415,Pasni,PK,2022-06-11 19:00:42,25.2631,63.471,83.52,76,94,10.11
416,Road Town,VG,2022-06-11 19:00:22,18.4167,-64.6167,81.93,78,48,20.13
417,Sarangani,PH,2022-06-11 19:00:42,5.4033,125.4636,83.79,71,94,11.25
418,Callaway,US,2022-06-11 19:00:43,30.153,-85.5699,88.97,67,6,3.0
419,Mongo,TD,2022-06-11 19:00:43,12.1844,18.693,93.96,30,86,7.16
420,Bontang,ID,2022-06-11 19:00:44,0.1333,117.5,77.22,89,98,4.54
421,Rocha,UY,2022-06-11 19:00:44,-34.4833,-54.3333,50.2,70,49,17.22
422,Dillon,US,2022-06-11 19:00:45,34.4166,-79.3712,89.26,42,78,6.31
423,Talnakh,RU,2022-06-11 19:00:46,69.4865,88.3972,54.66,51,98,7.52
424,Pandan,PH,2022-06-11 19:00:46,14.0453,124.1694,79.02,87,24,6.46
425,Udachnyy,RU,2022-06-11 19:00:47,66.4167,112.4,47.39,75,38,9.48
426,Vanimo,PG,2022-06-11 19:00:47,-2.6741,141.3028,76.51,90,64,3.67
427,Mandan,US,2022-06-11 19:00:48,46.8267,-100.8896,83.37,34,0,5.99
428,Goundam,ML,2022-06-11 19:00:48,16.4145,-3.6708,102.2,16,7,11.48
429,Constitucion,CL,2022-06-11 18:56:32,-35.3333,-72.4167,60.3,45,11,3.06
430,Southbridge,US,2022-06-11 19:00:49,42.0751,-72.0334,76.24,57,100,1.01
431,Aktash,RU,2022-06-11 19:00:49,50.3,87.7333,48.31,68,18,2.1
432,Tomatlan,MX,2022-06-11 19:00:50,19.9333,-105.25,94.3,44,31,12.59
433,Gasa,PS,2022-06-11 18:57:22,31.5,34.4667,82.89,38,0,9.4
434,Shamary,RU,2022-06-11 19:00:50,57.3434,58.2199,51.19,93,100,10.69
435,Sembakung,ID,2022-06-11 19:00:51,3.8167,117.25,72.52,99,63,1.86
436,Kanigoro,ID,2022-06-11 19:00:51,-8.13,112.219,72.68,95,98,3.13
437,Chifeng,CN,2022-06-11 19:00:23,42.2683,118.9636,63.25,78,100,5.12
438,Pelym,RU,2022-06-11 19:00:52,61.0108,61.9978,56.68,88,100,8.12
439,Moerai,PF,2022-06-11 18:56:25,-22.4333,-151.3333,74.59,64,86,18.7
440,Karratha,AU,2022-06-11 19:00:52,-20.7377,116.8463,72.64,79,0,8.34
441,Ust-Kut,RU,2022-06-11 19:00:53,56.7938,105.7672,55.58,60,100,2.77
442,Guadalupe Y Calvo,MX,2022-06-11 19:00:53,26.1,-106.9667,78.76,34,81,4.27
443,Nelson Bay,AU,2022-06-11 19:00:54,-32.7167,152.15,51.1,62,0,4.0
444,Pereira Barreto,BR,2022-06-11 19:00:54,-20.6383,-51.1092,74.07,50,100,7.74
445,Isiro,CD,2022-06-11 19:00:54,2.7739,27.616,68.38,83,79,1.63
446,Sokna,NO,2022-06-11 19:00:55,60.24,9.9235,58.91,56,18,9.04
447,Barra Do Garcas,BR,2022-06-11 19:00:55,-15.89,-52.2567,87.01,32,100,0.58
448,Yashkul,RU,2022-06-11 19:00:56,46.1711,45.3435,80.92,22,41,6.46
449,Faya,SA,2022-06-11 18:58:20,18.3851,42.4509,77.52,38,0,3.98
450,Sao Miguel Do Araguaia,BR,2022-06-11 19:00:28,-13.275,-50.1628,91.18,26,91,1.32
451,Windsor,CA,2022-06-11 18:56:27,42.3001,-83.0165,80.94,50,20,16.11
452,Mantua,IT,2022-06-11 19:00:56,45.1667,10.7833,85.24,58,0,6.33
453,Gimli,CA,2022-06-11 19:00:57,50.6336,-96.9907,66.06,58,100,3.06
454,Nizwa,OM,2022-06-11 19:00:57,22.9333,57.5333,92.86,18,0,2.55
455,Hong Gai,VN,2022-06-11 19:00:58,20.956,107.0946,82.31,92,100,1.66
456,Cidreira,BR,2022-06-11 19:00:58,-30.1811,-50.2056,53.13,57,6,18.05
457,Williams Lake,CA,2022-06-11 19:00:58,52.1415,-122.1445,68.38,31,12,4.29
458,Bahadurganj,IN,2022-06-11 19:01:59,26.2667,87.8167,79.54,89,78,9.46
459,Port Pirie,AU,2022-06-11 19:01:59,-33.1833,138.0167,47.44,89,17,5.3
460,Darhan,MN,2022-06-11 19:02:00,49.4867,105.9228,53.2,80,93,4.52
461,Zonguldak,TR,2022-06-11 19:02:00,41.25,31.8333,58.51,94,100,5.28
462,Fredericton,CA,2022-06-11 19:02:00,45.9454,-66.6656,76.01,41,100,5.08
463,Hajnowka,PL,2022-06-11 18:58:06,52.7433,23.5812,60.01,83,0,5.66
464,Cabedelo,BR,2022-06-11 19:02:03,-6.9811,-34.8339,80.53,76,17,6.13
465,Tazovskiy,RU,2022-06-11 19:02:03,67.4667,78.7,58.55,64,100,11.43
466,Murakami,JP,2022-06-11 19:02:04,38.2333,139.4833,60.37,94,100,1.88
467,Port Macquarie,AU,2022-06-11 19:02:04,-31.4333,152.9167,44.33,74,0,6.73
468,Acajutla,SV,2022-06-11 19:02:05,13.5928,-89.8275,83.88,72,100,5.19
469,Kichera,RU,2022-06-11 19:02:05,55.9375,110.0997,53.04,70,58,1.1
470,Saint George,US,2022-06-11 19:00:18,37.1041,-113.5841,104.79,11,0,10.0
471,Birnin Kebbi,NG,2022-06-11 19:02:06,12.4539,4.1975,91.65,36,11,8.9
472,Mathbaria,BD,2022-06-11 19:02:06,22.2876,89.9593,83.1,87,15,8.88
473,Gallup,US,2022-06-11 19:00:41,35.5281,-108.7426,90.36,15,100,4.0
474,Rehoboth,NA,2022-06-11 18:59:35,-23.3167,17.0833,57.78,33,0,7.63
475,Atambua,ID,2022-06-11 19:02:07,-9.1061,124.8925,69.53,83,100,6.67
476,Yenagoa,NG,2022-06-11 19:02:07,4.9247,6.2642,73.11,97,100,3.36
477,Santa Cruz,BO,2022-06-11 19:00:03,-17.8,-63.1667,71.69,34,100,12.1
478,Iwanai,JP,2022-06-11 19:00:14,42.9744,140.5089,53.65,88,87,1.83
479,Pacifica,US,2022-06-11 19:00:44,37.6138,-122.4869,91.24,66,20,16.11
480,Carballo,ES,2022-06-11 19:02:08,43.213,-8.691,69.22,90,82,12.97
481,Savannakhet,LA,2022-06-11 19:02:08,16.566,104.751,78.8,74,100,3.65
482,Salinopolis,BR,2022-06-11 19:02:09,-0.6136,-47.3561,82.35,75,15,10.38
483,Tucuman,AR,2022-06-11 19:00:17,-26.8241,-65.2226,65.55,49,65,4.05
484,Colares,PT,2022-06-11 19:02:09,38.7992,-9.4469,79.79,62,20,18.41
485,Foumbot,CM,2022-06-11 19:02:10,5.5079,10.6356,64.94,95,25,2.15
486,Diffa,NE,2022-06-11 19:02:10,13.3154,12.6113,89.53,38,8,12.44
487,Cherdyn,RU,2022-06-11 19:02:10,60.403,56.4787,45.88,85,100,10.27
488,Rawlins,US,2022-06-11 19:02:11,41.7911,-107.2387,87.69,11,0,21.85
489,Husavik,IS,2022-06-11 19:02:17,66.0449,-17.3389,43.77,98,100,7.81
490,Awbari,LY,2022-06-11 19:02:17,26.5921,12.7805,90.37,19,0,12.19
491,Praxedis Guerrero,MX,2022-06-11 19:02:18,31.3667,-106.0167,102.78,10,0,6.85
492,Kiunga,PG,2022-06-11 19:02:18,-6.1219,141.2906,71.94,100,76,1.72
493,North Bend,US,2022-06-11 19:02:19,43.4065,-124.2243,64.92,100,100,5.75
494,Gotsu,JP,2022-06-11 19:02:19,35.0,132.2167,62.71,93,35,4.72
495,Manhattan,US,2022-06-11 19:02:20,40.7834,-73.9662,76.95,48,100,5.75
496,Kozmodemyansk,RU,2022-06-11 19:02:20,56.3367,46.5711,51.58,75,0,6.58
497,Tuy Hoa,VN,2022-06-11 19:02:21,13.0833,109.3,77.29,88,83,4.65
498,Cairns,AU,2022-06-11 18:57:55,-16.9167,145.7667,64.35,76,92,10.36
499,Labuhan,ID,2022-06-11 19:00:51,-6.8844,112.2051,79.77,84,93,4.88
500,Manggar,ID,2022-06-11 19:02:21,-2.8833,108.2667,80.67,77,100,0.83
501,Port-Gentil,GA,2022-06-11 19:02:22,-0.7193,8.7815,76.96,88,20,6.91
502,San Juan,AR,2022-06-11 19:03:22,-31.5375,-68.5364,66.43,26,0,4.68
503,Catamarca,AR,2022-06-11 19:00:51,-28.4696,-65.7852,67.59,40,0,3.0
504,Kargasok,RU,2022-06-11 19:03:23,59.0556,80.8572,58.32,94,100,6.46
505,Ola,RU,2022-06-11 19:03:23,59.5833,151.2833,40.37,98,100,5.53
506,Margate,GB,2022-06-11 19:01:25,51.3813,1.3862,66.87,61,36,5.01
507,Pingliang,CN,2022-06-11 19:03:23,35.5392,106.6861,58.48,86,96,1.74
508,Toronto,CA,2022-06-11 18:58:50,43.7001,-79.4163,76.35,65,100,12.66
509,Kaeo,NZ,2022-06-11 19:03:24,-35.1,173.7833,59.32,90,79,16.17
510,Kudahuvadhoo,MV,2022-06-11 18:58:50,2.6708,72.8944,82.94,74,100,9.42
511,Zhuhai,CN,2022-06-11 19:00:11,22.2769,113.5678,80.38,94,40,4.61
512,Siocon,PH,2022-06-11 19:03:25,7.7061,122.1353,77.94,86,24,1.48
513,Qena,EG,2022-06-11 19:03:25,26.1615,32.7183,98.98,10,0,10.87
514,Prince Albert,CA,2022-06-11 19:00:06,53.2001,-105.7677,69.33,49,32,10.27
515,Ortigueira,BR,2022-06-11 19:03:26,-24.2083,-50.9494,55.96,58,100,3.4
516,Stolin,BY,2022-06-11 19:03:26,51.8912,26.846,61.54,88,41,6.82
517,Shanhetun,CN,2022-06-11 19:03:26,44.7,127.2,57.11,87,56,5.79
518,Calbuco,CL,2022-06-11 19:03:24,-41.768,-73.1273,52.81,71,100,2.75
519,Naryan-Mar,RU,2022-06-11 19:03:27,67.6713,53.087,40.96,66,64,10.76
520,Ellisras,ZA,2022-06-11 19:03:27,-23.6649,27.7443,55.04,54,0,4.16
521,Huilong,CN,2022-06-11 19:03:27,31.8111,121.655,70.93,86,100,7.96
522,Lima,PE,2022-06-11 19:03:28,-12.0432,-77.0282,61.05,82,100,11.5
523,Caibarien,CU,2022-06-11 19:03:28,22.5206,-79.4669,90.72,66,93,7.23
524,Uyuni,BO,2022-06-11 19:03:28,-20.4597,-66.825,47.59,15,0,14.79
525,Amahai,ID,2022-06-11 19:03:29,-3.3333,128.9167,77.76,85,76,3.36
526,Gat,IL,2022-06-11 19:03:29,31.61,34.7642,89.4,27,0,6.89
527,Bonnyville,CA,2022-06-11 19:03:29,54.2668,-110.735,69.19,47,23,3.42
528,Porto Nacional,BR,2022-06-11 19:03:30,-10.7081,-48.4172,93.2,28,87,3.06
529,Strezhevoy,RU,2022-06-11 19:03:30,60.7333,77.5889,54.34,96,100,5.28
530,Mehamn,NO,2022-06-11 19:03:10,71.0357,27.8492,44.51,81,100,11.74
531,Pisco,PE,2022-06-11 19:03:31,-13.7,-76.2167,66.02,77,20,6.91
532,Poltavka,RU,2022-06-11 19:03:31,54.3663,71.7632,59.58,69,49,8.7
533,Aden,YE,2022-06-11 19:03:31,12.7794,45.0367,89.83,61,12,5.53
534,Acapulco,MX,2022-06-11 19:03:32,16.8634,-99.8901,87.62,58,100,10.36
535,Miraflores,MX,2022-06-11 19:03:32,19.2167,-98.8083,77.76,35,60,3.27
536,Katherine,AU,2022-06-11 19:03:32,-14.4667,132.2667,52.12,40,8,8.05
537,Petropavl,KZ,2022-06-11 19:03:33,54.8753,69.1628,55.69,90,14,8.28
538,Berlevag,NO,2022-06-11 19:03:33,70.8578,29.0864,60.6,93,100,10.36
539,Novi Pazar,RS,2022-06-11 19:03:34,43.1367,20.5122,59.65,94,77,4.79
540,Ocos,GT,2022-06-11 19:03:34,14.5094,-92.1933,86.18,69,100,5.93
541,Yeppoon,AU,2022-06-11 19:03:34,-23.1333,150.7333,49.78,74,97,8.39
542,Bouca,CF,2022-06-11 19:03:35,6.5105,18.2733,76.19,67,6,3.02
543,Komsomolskiy,UZ,2022-06-11 19:03:35,40.4272,71.7189,77.72,44,24,0.0
544,Ullapool,GB,2022-06-11 19:03:35,57.8987,-5.1604,54.36,96,100,23.4
545,Dhilwan,IN,2022-06-11 19:03:36,31.5169,75.35,90.95,26,34,5.82
546,Ranong,TH,2022-06-11 19:03:36,9.9658,98.6348,79.25,87,100,6.2
547,Codajas,BR,2022-06-11 19:04:36,-3.8367,-62.0569,78.6,78,100,2.75
548,Morondava,MG,2022-06-11 19:04:37,-20.2833,44.2833,72.18,72,0,11.16
549,Lata,PT,2022-06-11 19:04:37,40.1629,-8.3327,77.07,55,0,4.88
550,Pascagoula,US,2022-06-11 19:04:38,30.3658,-88.5561,92.41,67,75,5.75
551,Pilar,BR,2022-06-11 19:04:38,-9.5972,-35.9567,75.13,91,68,4.47
552,Piacabucu,BR,2022-06-11 19:04:38,-10.4056,-36.4344,78.71,84,70,7.9
553,Dubbo,AU,2022-06-11 19:04:39,-32.25,148.6167,42.93,81,100,3.44
554,Northam,GB,2022-06-11 19:04:39,51.0333,-4.2167,60.62,81,100,14.27
555,Fuldatal,DE,2022-06-11 19:04:39,51.3833,9.5667,73.4,60,20,3.44
556,Mangrol,IN,2022-06-11 19:03:46,21.1167,70.1167,83.43,80,55,11.7
557,Sidney,AU,2022-06-11 19:04:40,-33.8679,151.2073,53.64,62,0,21.85
558,Shitkino,RU,2022-06-11 19:04:40,56.3703,98.3543,56.08,63,57,3.96
559,Punta Cardon,VE,2022-06-11 19:04:41,11.6581,-70.215,85.75,63,43,26.66
560,Nizhniy Kuranakh,RU,2022-06-11 19:04:41,58.8353,125.4869,55.04,99,100,0.65
561,San Policarpo,PH,2022-06-11 19:04:41,12.1791,125.5072,79.16,80,29,5.75
562,Kurchatov,RU,2022-06-11 19:04:42,51.6601,35.6521,68.41,80,75,2.95
563,Rincon,US,2022-06-11 19:04:42,32.296,-81.2354,88.92,68,75,9.22
564,Hingoli,IN,2022-06-11 19:04:42,19.7167,77.15,79.56,72,92,11.81
565,San Carlos,VE,2022-06-11 19:04:43,9.6612,-68.5827,86.85,61,100,1.03
566,El Limon,VE,2022-06-11 19:04:43,10.3059,-67.6321,87.12,65,100,2.98
567,Sur,OM,2022-06-11 19:04:43,22.5667,59.5289,88.05,71,0,14.34
568,La Sarre,CA,2022-06-11 19:04:44,48.8002,-79.1996,65.88,56,94,4.34
569,Srebrenica,BA,2022-06-11 19:04:44,44.1064,19.2969,60.55,96,76,4.85
570,Hushitai,CN,2022-06-11 19:04:44,41.9322,123.5114,64.31,88,100,5.68
571,Lucapa,AO,2022-06-11 19:04:45,-8.4192,20.7447,69.15,39,5,3.29
572,Chenzhou,CN,2022-06-11 19:04:45,25.8,113.0333,72.93,98,100,0.94
